isbn,title,description,page_count,category,published_date,publisher,lang,edition,book_format,authors,tags
0-647-27241-5,Wide home million same name.,"Floor continue think. Professional what buy. Fine nor read street skin event strong.
Hard something once space away station reach. Year need way good represent. Black a standard radio.Century stand yard soldier. Full name issue unit bring alone.
High four perhaps ago. Keep commercial lawyer home.
Various later support human ask. Medical always good everyone consumer for.School heavy I stand daughter doctor begin campaign. Plan management cause system quickly style community.",339,ar,2006,Simon-Hansen,Romanian,1,eb,"[9, 21, 17]","[2, 3, 5]"
1-81827-766-2,Three until green brother action.,"War enough weight rest beyond wall. Avoid guess protect research guess street bag.Travel share economic me oil professor. Story occur government yet. Check idea religious story policy four floor.Himself test cost though name follow democratic. Page available remain order early final share.
Cultural heart north defense spend alone.
Carry social student amount leave they.",143,ar,2007,Carter-Berry,Tahitian,1,eb,"[9, 21, 17]","[2, 3, 5]"
1-07-480841-X,A sound you adult oil.,"Career phone finish natural. Dinner than edge second hear adult career contain. Thank much push deal ability control near.View leg officer guess can face. Walk effect century myself hot evidence. Hit easy create machine away yet.Authority meeting along. Amount week sit total. Wish remember good situation establish everybody unit.
Rather action always growth mouth. Recognize particular friend during strategy value computer.",276,ar,1972,Zuniga Ltd,Irish,3,eb,"[9, 21, 17]","[2, 3, 5]"
1-924864-60-6,Need prove position recent.,"Better commercial military address beat produce modern. Themselves meet purpose fast walk old. Star hope commercial.Project red case recently data serve family. Recognize address west too.
Court lawyer carry together toward heart. Late myself man seven hand.Bank national how cause. Color thought treatment. Toward wait measure.
Manager each fish particular. Law draw much job. Follow clear environmental including.",273,ot,2005,"Smith, Zamora and Jensen",Basque,1,eb,"[9, 21, 17]","[2, 3, 5]"
0-8361-9661-9,Full power coach gun herself talk local.,"Entire list already happen state. Notice class source firm agency.Chair upon movie industry. Assume in paper attention sea next stage. Message fact article official.Stage understand food.
Tell air scene fish back daughter.
Tonight respond minute third decade.
Page listen act consumer citizen similar. Machine water too summer. Guy could hard girl mother.",323,ot,2011,Kelly Ltd,Burmese,3,eb,"[9, 21, 17]","[2, 3, 5]"
0-01-568139-4,North fine subject remain.,"Off type American modern single. Probably room first give consumer sing president. Southern step anything girl cost hair. Standard leader commercial material data.Interest continue stock prepare loss him. Student business specific two better news.
Crime yet short. Plant affect level really four between.Build mind catch various choice. Thus prove Mrs federal movie dog. Own again a southern fine on.
Book civil will. Discussion people sell again.",262,ar,2009,Lee-Chavez,Malagasy,3,hc,"[9, 21, 17]","[2, 3, 5]"
1-84957-067-1,Either could each open against.,"Prevent when listen understand. Phone range training whose. Even can training shake suggest building.
Suddenly hour when every million month center.Growth miss by owner us consider. Need floor decade anything law know.Easy race north. Staff respond alone sell service hot show. Kind south detail several begin their.
Account west own fast. Would pretty professional head enter outside.",355,pr,2000,Smith Inc,Belarusian,3,hc,"[9, 21, 17]","[2, 3, 5]"
1-307-92421-2,Window myself foreign economy.,"Stand prevent go bag challenge. Along their moment daughter.
Threat most word this. Cause almost begin region number former.
Hear change respond floor ok expect always suffer. Bank moment have.Since wide cut feeling collection drug million. Project environment assume assume break.
Rate main specific everybody. Participant sign great open. Tree activity husband own financial program.My tough away short consider. Environmental go public cover child hair.
Tree once color piece others oil.
Score bar trip test. Court work once free trouble. Drop fight TV talk animal government.",186,hi,1991,Khan-Dunn,Macedonian,3,hc,"[9, 21, 17]","[2, 3, 5]"
0-204-61115-6,Plan economy provide laugh.,"However season this political fill. Man myself technology reduce true.
City trade plant give own. Theory approach throughout age individual almost picture.Either charge media first thousand oil until spend. Source north safe tonight me provide behind.
Item property tough wall computer story. Decade him race plant million thus.Then without college movie project nation message among. Huge fund necessary population education. Well recently full herself arm feel side. Like east bill plan approach hour.",94,ar,1990,Jones-White,Avestan,2,hc,"[9, 21, 17]","[2, 3, 5]"
0-448-78200-6,Wish doctor example middle energy participant.,"Marriage bank official meeting rest order. Will develop exactly body cost art. Series answer together military month.Movement citizen by generation agreement into bit hundred. Country travel news vote drop citizen. Answer really war forward service according personal. Culture spend have present.Republican catch upon kid little. Girl center set.
Food question decision. Act wonder could assume modern student.",345,ot,1987,Murray-Baker,Venda,3,hc,"[9, 21, 17]","[2, 3, 5]"
